{
  "seed": 20260722,
  "regions": 24,
  "n_train": 128,
  "train_steps": 800,
  "eval_steps": 1200,
  "niter": 700,
  "stochastic_seed": 20260722,
  "target_standardized": true,
  "metastability_loss_weight": 32,
  "evaluation": "in-distribution coupling interpolation",
  "k_values": [
    0.05000000074505806,
    0.07666666805744171,
    0.10333333164453506,
    0.12999999523162842,
    0.15666666626930237,
    0.18333333730697632,
    0.20999999344348907,
    0.23666666448116302,
    0.2633333206176758,
    0.28999999165534973,
    0.3166666626930237,
    0.34333333373069763,
    0.3700000047683716,
    0.39666667580604553,
    0.4233333468437195,
    0.44999998807907104
  ],
  "fc_mae_at_k": 0.05450383573770523,
  "metastability_mae": 0.044178372433597624,
  "single_sim_seconds": 0.08380916703026742,
  "single_surrogate_seconds": 2.514553489163518e-05,
  "single_speedup": 3332.9641779919766,
  "sweep_sim_seconds": 2.873503166018054,
  "sweep_surrogate_seconds": 0.00023599999258294702,
  "sweep_speedup": 12175.861255623144
}